Period,Total Profit,Man A (Net),Man B,Man C (From A)
2025-08,12902.399999999994,5419.007999999997,5160.959999999998,2322.431999999999
