Period,Total Profit,Man A (Net),Man B,Man C (From A)
2025-09,184780.05000000028,77607.62100000012,73912.02000000012,33260.40900000005
