Period,Total Profit,Man A (Net),Man B,Man C (From A)
2025-08,7442.399999999994,3125.8079999999973,2976.9599999999978,1339.631999999999
